category,average_percent_difference
diff_p_women,8.580487804878048
diff_p_white,-21.63170731707317
diff_p_black,-11.134146341463415
diff_p_asian,13.609756097560975
diff_p_hispanic,16.741463414634147
