category,average_percent_difference
diff_p_women,2.8536585365853657
diff_p_white,-38.43414634146341
diff_p_black,-8.658536585365853
diff_p_asian,18.226829268292686
diff_p_hispanic,17.258536585365853
