category,average_percent_difference
diff_p_women,8.414634146341463
diff_p_white,-33.97317073170732
diff_p_black,-10.414634146341463
diff_p_asian,9.40731707317073
diff_p_hispanic,18.897560975609757
