category,average_percent_difference
diff_p_women,8.507317073170732
diff_p_white,-29.187804878048777
diff_p_black,-7.290243902439025
diff_p_asian,6.390243902439025
diff_p_hispanic,14.065853658536586
